{"n_rows:20_n_files:100": 0.5311187595737543, "n_rows:20_n_files:300": 0.7372874922715005, "n_rows:20_n_files:500": 0.8082641670876927, "n_rows:20_n_files:700": 0.8357068571260573, "n_rows:20_n_files:1000": 0.8550183542333109, "n_rows:20_n_files:1500": 0.8715191744185854, "n_rows:20_n_files:3000": 0.8764238097842052, "n_rows:50_n_files:100": 0.5205972927270528, "n_rows:50_n_files:300": 0.7292297407957892, "n_rows:50_n_files:500": 0.8122498837561926, "n_rows:50_n_files:700": 0.8358531351028384, "n_rows:50_n_files:1000": 0.8584501661937165, "n_rows:50_n_files:1500": 0.8727653395172806, "n_rows:50_n_files:3000": 0.8733573142080692, "n_rows:75_n_files:100": 0.51920383633141, "n_rows:75_n_files:300": 0.7345213093605322, "n_rows:75_n_files:500": 0.8106486858989989, "n_rows:75_n_files:700": 0.8376122719045034, "n_rows:75_n_files:1000": 0.859934338639731, "n_rows:75_n_files:1500": 0.8734844497603009, "n_rows:75_n_files:3000": 0.8786494742514661, "n_rows:100_n_files:100": 0.526731102484358, "n_rows:100_n_files:300": 0.7410639052717738, "n_rows:100_n_files:500": 0.807925102423795, "n_rows:100_n_files:700": 0.8083806897656066, "n_rows:100_n_files:1000": 0.8621894911236765, "n_rows:100_n_files:1500": 0.8742405764921513, "n_rows:100_n_files:3000": 0.8794636590732852, "n_rows:200_n_files:100": 0.4948792212983803, "n_rows:200_n_files:300": 0.74328778101241, "n_rows:200_n_files:500": 0.8068915263796884, "n_rows:200_n_files:700": 0.8016990192186448, "n_rows:200_n_files:1000": 0.8659740198900147, "n_rows:200_n_files:1500": 0.874785134840059, "n_rows:200_n_files:3000": 0.8810638600492542, "n_rows:300_n_files:100": 0.49372455345449673, "n_rows:300_n_files:300": 0.7402992386083254, "n_rows:300_n_files:500": 0.8010327525702792, "n_rows:300_n_files:700": 0.7985426333843272, "n_rows:300_n_files:1000": 0.860604839231006, "n_rows:300_n_files:1500": 0.8718316317270591, "n_rows:300_n_files:3000": 0.8813915561211204, "n_rows:500_n_files:100": 0.4934814158137814, "n_rows:500_n_files:300": 0.7357174713211048, "n_rows:500_n_files:500": 0.7981399940767478, "n_rows:500_n_files:700": 0.7925260626670161, "n_rows:500_n_files:1000": 0.8574626748250448, "n_rows:500_n_files:1500": 0.8756157685034023, "n_rows:500_n_files:3000": 0.8824156682431631, "n_rows:700_n_files:100": 0.4953543037538471, "n_rows:700_n_files:300": 0.7376723823315479, "n_rows:700_n_files:500": 0.8010765543976827, "n_rows:700_n_files:700": 0.8214533910389324, "n_rows:700_n_files:1000": 0.8525905453045164, "n_rows:700_n_files:1500": 0.8722842752236375, "n_rows:700_n_files:3000": 0.8778560221550807, "n_rows:1000_n_files:100": 0.4976028643343013, "n_rows:1000_n_files:300": 0.7235552807108552, "n_rows:1000_n_files:500": 0.7633078728175929, "n_rows:1000_n_files:700": 0.7872796200653839, "n_rows:1000_n_files:1000": 0.8517653541819664, "n_rows:1000_n_files:1500": 0.8695071025984572, "n_rows:1000_n_files:3000": 0.8724276273382527}